{
  "properties": {
    "connectionReferences": {
      "shared_commondataserviceforapps": {
        "runtimeSource": "embedded",
        "connection": {
          "connectionReferenceLogicalName": "contoso_sharedcommondataserviceforapps_d2ee9"
        },
        "api": {
          "name": "shared_commondataserviceforapps"
        }
      }
    },
    "definition": {
      "$schema": "https://schema.management.azure.com/providers/Microsoft.Logic/schemas/2016-06-01/workflowdefinition.json#",
      "contentVersion": "1.0.0.0",
      "parameters": {
        "$connections": {
          "defaultValue": {},
          "type": "Object"
        },
        "$authentication": {
          "defaultValue": {},
          "type": "SecureObject"
        }
      },
      "triggers": {
        "Recurrence": {
          "recurrence": {
            "frequency": "Month",
            "interval": 1,
            "startTime": "2024-07-04T17:00:00Z"
          },
          "metadata": {
            "operationMetadataId": "4153c659-668d-43bc-ad7a-74daad0df253"
          },
          "type": "Recurrence"
        }
      },
      "actions": {
        "Inspections": {
          "runAfter": {},
          "metadata": {
            "operationMetadataId": "8cbfc67b-7308-472e-aac7-9d6f70fff56a"
          },
          "type": "OpenApiConnection",
          "inputs": {
            "host": {
              "connectionName": "shared_commondataserviceforapps",
              "operationId": "ListRecords",
              "apiId": "/providers/Microsoft.PowerApps/apis/shared_commondataserviceforapps"
            },
            "parameters": {
              "entityName": "contoso_inspections",
              "$filter": " statuscode ne 330650001"
            },
            "authentication": "@parameters('$authentication')"
          }
        },
        "Apply_to_each": {
          "foreach": "@outputs('Inspections')?['body/value']",
          "actions": {
            "Update_Inspection": {
              "runAfter": {},
              "metadata": {
                "operationMetadataId": "31c5f000-8a60-451e-b080-d087bbdbf1c4"
              },
              "type": "OpenApiConnection",
              "inputs": {
                "host": {
                  "connectionName": "shared_commondataserviceforapps",
                  "operationId": "UpdateRecord",
                  "apiId": "/providers/Microsoft.PowerApps/apis/shared_commondataserviceforapps"
                },
                "parameters": {
                  "entityName": "contoso_inspections",
                  "recordId": "@items('Apply_to_each')?['contoso_inspectionid']",
                  "item/statuscode": 330650001
                },
                "authentication": "@parameters('$authentication')"
              }
            }
          },
          "runAfter": {
            "Inspections": [
              "Succeeded"
            ]
          },
          "metadata": {
            "operationMetadataId": "92c63749-2c22-4228-95b1-2db0310e2f91"
          },
          "type": "Foreach"
        }
      }
    },
    "templateName": null
  },
  "schemaVersion": "1.0.0.0"
}