<ImportExportXml version="9.2.24061.200" SolutionPackageVersion="9.2" languagecode="1033" generatedBy="CrmLive" xmlns:xsi="http://www.w3.org/2001/XMLSchema-instance">
  <SolutionManifest>
    <UniqueName>Cr587bb</UniqueName>
    <LocalizedNames>
      <LocalizedName description="Common Data Services Default Solution" languagecode="1033" />
    </LocalizedNames>
    <Descriptions />
    <Version>1.0.0.1</Version>
    <Managed>0</Managed>
    <Publisher>
      <UniqueName>Cr86aa9</UniqueName>
      <LocalizedNames>
        <LocalizedName description="CDS Default Publisher" languagecode="1033" />
      </LocalizedNames>
      <Descriptions />
      <EMailAddress xsi:nil="true"></EMailAddress>
      <SupportingWebsiteUrl xsi:nil="true"></SupportingWebsiteUrl>
      <CustomizationPrefix>cr90b</CustomizationPrefix>
      <CustomizationOptionValuePrefix>28583</CustomizationOptionValuePrefix>
      <Addresses>
        <Address>
          <AddressNumber>1</AddressNumber>
          <AddressTypeCode xsi:nil="true"></AddressTypeCode>
          <City xsi:nil="true"></City>
          <County xsi:nil="true"></County>
          <Country xsi:nil="true"></Country>
          <Fax xsi:nil="true"></Fax>
          <FreightTermsCode xsi:nil="true"></FreightTermsCode>
          <ImportSequenceNumber xsi:nil="true"></ImportSequenceNumber>
          <Latitude xsi:nil="true"></Latitude>
          <Line1 xsi:nil="true"></Line1>
          <Line2 xsi:nil="true"></Line2>
          <Line3 xsi:nil="true"></Line3>
          <Longitude xsi:nil="true"></Longitude>
          <Name xsi:nil="true"></Name>
          <PostalCode xsi:nil="true"></PostalCode>
          <PostOfficeBox xsi:nil="true"></PostOfficeBox>
          <PrimaryContactName xsi:nil="true"></PrimaryContactName>
          <ShippingMethodCode xsi:nil="true"></ShippingMethodCode>
          <StateOrProvince xsi:nil="true"></StateOrProvince>
          <Telephone1 xsi:nil="true"></Telephone1>
          <Telephone2 xsi:nil="true"></Telephone2>
          <Telephone3 xsi:nil="true"></Telephone3>
          <TimeZoneRuleVersionNumber xsi:nil="true"></TimeZoneRuleVersionNumber>
          <UPSZone xsi:nil="true"></UPSZone>
          <UTCOffset xsi:nil="true"></UTCOffset>
          <UTCConversionTimeZoneCode xsi:nil="true"></UTCConversionTimeZoneCode>
        </Address>
        <Address>
          <AddressNumber>2</AddressNumber>
          <AddressTypeCode xsi:nil="true"></AddressTypeCode>
          <City xsi:nil="true"></City>
          <County xsi:nil="true"></County>
          <Country xsi:nil="true"></Country>
          <Fax xsi:nil="true"></Fax>
          <FreightTermsCode xsi:nil="true"></FreightTermsCode>
          <ImportSequenceNumber xsi:nil="true"></ImportSequenceNumber>
          <Latitude xsi:nil="true"></Latitude>
          <Line1 xsi:nil="true"></Line1>
          <Line2 xsi:nil="true"></Line2>
          <Line3 xsi:nil="true"></Line3>
          <Longitude xsi:nil="true"></Longitude>
          <Name xsi:nil="true"></Name>
          <PostalCode xsi:nil="true"></PostalCode>
          <PostOfficeBox xsi:nil="true"></PostOfficeBox>
          <PrimaryContactName xsi:nil="true"></PrimaryContactName>
          <ShippingMethodCode xsi:nil="true"></ShippingMethodCode>
          <StateOrProvince xsi:nil="true"></StateOrProvince>
          <Telephone1 xsi:nil="true"></Telephone1>
          <Telephone2 xsi:nil="true"></Telephone2>
          <Telephone3 xsi:nil="true"></Telephone3>
          <TimeZoneRuleVersionNumber xsi:nil="true"></TimeZoneRuleVersionNumber>
          <UPSZone xsi:nil="true"></UPSZone>
          <UTCOffset xsi:nil="true"></UTCOffset>
          <UTCConversionTimeZoneCode xsi:nil="true"></UTCConversionTimeZoneCode>
        </Address>
      </Addresses>
    </Publisher>
    <RootComponents>
      <RootComponent type="1" schemaName="contoso_buildsite" behavior="1" />
      <RootComponent type="1" schemaName="contoso_department" behavior="1" />
      <RootComponent type="1" schemaName="contoso_employee" behavior="1" />
      <RootComponent type="1" schemaName="contoso_inspection" behavior="1" />
      <RootComponent type="1" schemaName="contoso_permit" behavior="1" />
      <RootComponent type="1" schemaName="contoso_permittype" behavior="1" />
    </RootComponents>
    <MissingDependencies>
      <MissingDependency>
        <Required type="1" schemaName="contoso_buildsite" displayName="Build Site" solution="Active" />
        <Dependent type="1" schemaName="contoso_buildsite" displayName="Build Site" />
      </MissingDependency>
      <MissingDependency>
        <Required type="1" schemaName="contoso_department" displayName="Department" solution="Active" />
        <Dependent type="1" schemaName="contoso_department" displayName="Department" />
      </MissingDependency>
      <MissingDependency>
        <Required type="1" schemaName="contoso_employee" displayName="Employee" solution="Active" />
        <Dependent type="1" schemaName="contoso_employee" displayName="Employee" />
      </MissingDependency>
      <MissingDependency>
        <Required type="1" schemaName="contoso_inspection" displayName="Inspection" solution="Active" />
        <Dependent type="1" schemaName="contoso_inspection" displayName="Inspection" />
      </MissingDependency>
      <MissingDependency>
        <Required type="1" schemaName="contoso_permit" displayName="Permit" solution="Active" />
        <Dependent type="1" schemaName="contoso_permit" displayName="Permit" />
      </MissingDependency>
      <MissingDependency>
        <Required type="1" schemaName="contoso_permittype" displayName="Permit Type" solution="Active" />
        <Dependent type="1" schemaName="contoso_permittype" displayName="Permit Type" />
      </MissingDependency>
      <MissingDependency>
        <Required type="2" schemaName="contoso_buildsiteid" displayName="Build Site" parentSchemaName="contoso_buildsite" parentDisplayName="Build Site" solution="Active" />
        <Dependent type="26" schemaName="Active Build Sites" displayName="Active Build Sites" parentSchemaName="contoso_buildsite" parentDisplayName="Build Site" id="{167b9329-0eab-4994-880b-e1d8addd28c2}" />
      </MissingDependency>
      <MissingDependency>
        <Required type="2" schemaName="contoso_city" displayName="City" parentSchemaName="contoso_buildsite" parentDisplayName="Build Site" solution="Active" />
        <Dependent type="26" schemaName="Active Build Sites" displayName="Active Build Sites" parentSchemaName="contoso_buildsite" parentDisplayName="Build Site" id="{167b9329-0eab-4994-880b-e1d8addd28c2}" />
      </MissingDependency>
      <MissingDependency>
        <Required type="2" schemaName="contoso_postalcode" displayName="ZIP/Postal Code" parentSchemaName="contoso_buildsite" parentDisplayName="Build Site" solution="Active" />
        <Dependent type="26" schemaName="Active Build Sites" displayName="Active Build Sites" parentSchemaName="contoso_buildsite" parentDisplayName="Build Site" id="{167b9329-0eab-4994-880b-e1d8addd28c2}" />
      </MissingDependency>
      <MissingDependency>
        <Required type="2" schemaName="contoso_street1" displayName="Street Address" parentSchemaName="contoso_buildsite" parentDisplayName="Build Site" solution="Active" />
        <Dependent type="26" schemaName="Active Build Sites" displayName="Active Build Sites" parentSchemaName="contoso_buildsite" parentDisplayName="Build Site" id="{167b9329-0eab-4994-880b-e1d8addd28c2}" />
      </MissingDependency>
      <MissingDependency>
        <Required type="2" schemaName="statecode" displayName="Status" parentSchemaName="contoso_buildsite" parentDisplayName="Build Site" solution="Active" />
        <Dependent type="26" schemaName="Active Build Sites" displayName="Active Build Sites" parentSchemaName="contoso_buildsite" parentDisplayName="Build Site" id="{167b9329-0eab-4994-880b-e1d8addd28c2}" />
      </MissingDependency>
      <MissingDependency>
        <Required type="2" schemaName="contoso_departmentid" displayName="Department" parentSchemaName="contoso_department" parentDisplayName="Department" solution="Active" />
        <Dependent type="26" schemaName="Active Departments" displayName="Active Departments" parentSchemaName="contoso_department" parentDisplayName="Department" id="{5c36c576-ef59-40c3-b9de-aefb76573432}" />
      </MissingDependency>
      <MissingDependency>
        <Required type="2" schemaName="contoso_deptid" displayName="Dept id" parentSchemaName="contoso_department" parentDisplayName="Department" solution="Active" />
        <Dependent type="26" schemaName="Active Departments" displayName="Active Departments" parentSchemaName="contoso_department" parentDisplayName="Department" id="{5c36c576-ef59-40c3-b9de-aefb76573432}" />
      </MissingDependency>
      <MissingDependency>
        <Required type="2" schemaName="contoso_deptname" displayName="Dept Name" parentSchemaName="contoso_department" parentDisplayName="Department" solution="Active" />
        <Dependent type="26" schemaName="Active Departments" displayName="Active Departments" parentSchemaName="contoso_department" parentDisplayName="Department" id="{5c36c576-ef59-40c3-b9de-aefb76573432}" />
      </MissingDependency>
      <MissingDependency>
        <Required type="2" schemaName="contoso_sumofbasesalary" displayName="Sum Of Base Salary" parentSchemaName="contoso_department" parentDisplayName="Department" solution="Active" />
        <Dependent type="26" schemaName="Active Departments" displayName="Active Departments" parentSchemaName="contoso_department" parentDisplayName="Department" id="{5c36c576-ef59-40c3-b9de-aefb76573432}" />
      </MissingDependency>
      <MissingDependency>
        <Required type="2" schemaName="statecode" displayName="Status" parentSchemaName="contoso_department" parentDisplayName="Department" solution="Active" />
        <Dependent type="26" schemaName="Active Departments" displayName="Active Departments" parentSchemaName="contoso_department" parentDisplayName="Department" id="{5c36c576-ef59-40c3-b9de-aefb76573432}" />
      </MissingDependency>
      <MissingDependency>
        <Required type="2" schemaName="contoso_basesalary" displayName="Base Salary " parentSchemaName="contoso_employee" parentDisplayName="Employee" solution="Active" />
        <Dependent type="26" schemaName="Active Employees" displayName="Active Employees" parentSchemaName="contoso_employee" parentDisplayName="Employee" id="{ea6cbf4b-0d92-443d-9cbc-20ee9a66d3d0}" />
      </MissingDependency>
      <MissingDependency>
        <Required type="2" schemaName="contoso_city" displayName="City" parentSchemaName="contoso_employee" parentDisplayName="Employee" solution="Active" />
        <Dependent type="26" schemaName="Active Employees" displayName="Active Employees" parentSchemaName="contoso_employee" parentDisplayName="Employee" id="{ea6cbf4b-0d92-443d-9cbc-20ee9a66d3d0}" />
      </MissingDependency>
      <MissingDependency>
        <Required type="2" schemaName="contoso_da" displayName="DA" parentSchemaName="contoso_employee" parentDisplayName="Employee" solution="Active" />
        <Dependent type="26" schemaName="Active Employees" displayName="Active Employees" parentSchemaName="contoso_employee" parentDisplayName="Employee" id="{ea6cbf4b-0d92-443d-9cbc-20ee9a66d3d0}" />
      </MissingDependency>
      <MissingDependency>
        <Required type="2" schemaName="contoso_department" displayName="Department" parentSchemaName="contoso_employee" parentDisplayName="Employee" solution="Active" />
        <Dependent type="26" schemaName="Active Employees" displayName="Active Employees" parentSchemaName="contoso_employee" parentDisplayName="Employee" id="{ea6cbf4b-0d92-443d-9cbc-20ee9a66d3d0}" />
      </MissingDependency>
      <MissingDependency>
        <Required type="2" schemaName="contoso_designation" displayName="Designation" parentSchemaName="contoso_employee" parentDisplayName="Employee" solution="Active" />
        <Dependent type="26" schemaName="Active Employees" displayName="Active Employees" parentSchemaName="contoso_employee" parentDisplayName="Employee" id="{ea6cbf4b-0d92-443d-9cbc-20ee9a66d3d0}" />
      </MissingDependency>
      <MissingDependency>
        <Required type="2" schemaName="contoso_empid" displayName="Emp id" parentSchemaName="contoso_employee" parentDisplayName="Employee" solution="Active" />
        <Dependent type="26" schemaName="Active Employees" displayName="Active Employees" parentSchemaName="contoso_employee" parentDisplayName="Employee" id="{ea6cbf4b-0d92-443d-9cbc-20ee9a66d3d0}" />
      </MissingDependency>
      <MissingDependency>
        <Required type="2" schemaName="contoso_employee" displayName="Manager" parentSchemaName="contoso_employee" parentDisplayName="Employee" solution="Active" />
        <Dependent type="26" schemaName="Active Employees" displayName="Active Employees" parentSchemaName="contoso_employee" parentDisplayName="Employee" id="{ea6cbf4b-0d92-443d-9cbc-20ee9a66d3d0}" />
      </MissingDependency>
      <MissingDependency>
        <Required type="2" schemaName="contoso_employeeid" displayName="Employee" parentSchemaName="contoso_employee" parentDisplayName="Employee" solution="Active" />
        <Dependent type="26" schemaName="Active Employees" displayName="Active Employees" parentSchemaName="contoso_employee" parentDisplayName="Employee" id="{ea6cbf4b-0d92-443d-9cbc-20ee9a66d3d0}" />
      </MissingDependency>
      <MissingDependency>
        <Required type="2" schemaName="contoso_name" displayName="Name" parentSchemaName="contoso_employee" parentDisplayName="Employee" solution="Active" />
        <Dependent type="26" schemaName="Active Employees" displayName="Active Employees" parentSchemaName="contoso_employee" parentDisplayName="Employee" id="{ea6cbf4b-0d92-443d-9cbc-20ee9a66d3d0}" />
      </MissingDependency>
      <MissingDependency>
        <Required type="2" schemaName="contoso_openfortravel" displayName="Open For Travel" parentSchemaName="contoso_employee" parentDisplayName="Employee" solution="Active" />
        <Dependent type="26" schemaName="Active Employees" displayName="Active Employees" parentSchemaName="contoso_employee" parentDisplayName="Employee" id="{ea6cbf4b-0d92-443d-9cbc-20ee9a66d3d0}" />
      </MissingDependency>
      <MissingDependency>
        <Required type="2" schemaName="contoso_ta" displayName="TA" parentSchemaName="contoso_employee" parentDisplayName="Employee" solution="Active" />
        <Dependent type="26" schemaName="Active Employees" displayName="Active Employees" parentSchemaName="contoso_employee" parentDisplayName="Employee" id="{ea6cbf4b-0d92-443d-9cbc-20ee9a66d3d0}" />
      </MissingDependency>
      <MissingDependency>
        <Required type="2" schemaName="contoso_totalsalary" displayName="Total Salary" parentSchemaName="contoso_employee" parentDisplayName="Employee" solution="Active" />
        <Dependent type="26" schemaName="Active Employees" displayName="Active Employees" parentSchemaName="contoso_employee" parentDisplayName="Employee" id="{ea6cbf4b-0d92-443d-9cbc-20ee9a66d3d0}" />
      </MissingDependency>
      <MissingDependency>
        <Required type="2" schemaName="statecode" displayName="Status" parentSchemaName="contoso_employee" parentDisplayName="Employee" solution="Active" />
        <Dependent type="26" schemaName="Active Employees" displayName="Active Employees" parentSchemaName="contoso_employee" parentDisplayName="Employee" id="{ea6cbf4b-0d92-443d-9cbc-20ee9a66d3d0}" />
      </MissingDependency>
      <MissingDependency>
        <Required type="2" schemaName="contoso_inspectionid" displayName="Inspection" parentSchemaName="contoso_inspection" parentDisplayName="Inspection" solution="Active" />
        <Dependent type="26" schemaName="Active Inspections" displayName="Active Inspections" parentSchemaName="contoso_inspection" parentDisplayName="Inspection" id="{0f42b769-6451-4260-9c68-8e935a2a07fe}" />
      </MissingDependency>
      <MissingDependency>
        <Required type="2" schemaName="contoso_inspectiontype" displayName="Inspection Type" parentSchemaName="contoso_inspection" parentDisplayName="Inspection" solution="Active" />
        <Dependent type="26" schemaName="Active Inspections" displayName="Active Inspections" parentSchemaName="contoso_inspection" parentDisplayName="Inspection" id="{0f42b769-6451-4260-9c68-8e935a2a07fe}" />
      </MissingDependency>
      <MissingDependency>
        <Required type="2" schemaName="contoso_name" displayName="Name" parentSchemaName="contoso_inspection" parentDisplayName="Inspection" solution="Active" />
        <Dependent type="26" schemaName="Active Inspections" displayName="Active Inspections" parentSchemaName="contoso_inspection" parentDisplayName="Inspection" id="{0f42b769-6451-4260-9c68-8e935a2a07fe}" />
      </MissingDependency>
      <MissingDependency>
        <Required type="2" schemaName="contoso_permit" displayName="Permit" parentSchemaName="contoso_inspection" parentDisplayName="Inspection" solution="Active" />
        <Dependent type="26" schemaName="Active Inspections" displayName="Active Inspections" parentSchemaName="contoso_inspection" parentDisplayName="Inspection" id="{0f42b769-6451-4260-9c68-8e935a2a07fe}" />
      </MissingDependency>
      <MissingDependency>
        <Required type="2" schemaName="contoso_scheduleddate" displayName="Scheduled Date" parentSchemaName="contoso_inspection" parentDisplayName="Inspection" solution="Active" />
        <Dependent type="26" schemaName="Active Inspections" displayName="Active Inspections" parentSchemaName="contoso_inspection" parentDisplayName="Inspection" id="{0f42b769-6451-4260-9c68-8e935a2a07fe}" />
      </MissingDependency>
      <MissingDependency>
        <Required type="2" schemaName="contoso_sequence" displayName="Sequence" parentSchemaName="contoso_inspection" parentDisplayName="Inspection" solution="Active" />
        <Dependent type="26" schemaName="Active Inspections" displayName="Active Inspections" parentSchemaName="contoso_inspection" parentDisplayName="Inspection" id="{0f42b769-6451-4260-9c68-8e935a2a07fe}" />
      </MissingDependency>
      <MissingDependency>
        <Required type="2" schemaName="ownerid" displayName="Owner" parentSchemaName="contoso_inspection" parentDisplayName="Inspection" solution="Active" />
        <Dependent type="26" schemaName="Active Inspections" displayName="Active Inspections" parentSchemaName="contoso_inspection" parentDisplayName="Inspection" id="{0f42b769-6451-4260-9c68-8e935a2a07fe}" />
      </MissingDependency>
      <MissingDependency>
        <Required type="2" schemaName="statecode" displayName="Status" parentSchemaName="contoso_inspection" parentDisplayName="Inspection" solution="Active" />
        <Dependent type="26" schemaName="Active Inspections" displayName="Active Inspections" parentSchemaName="contoso_inspection" parentDisplayName="Inspection" id="{0f42b769-6451-4260-9c68-8e935a2a07fe}" />
      </MissingDependency>
      <MissingDependency>
        <Required type="2" schemaName="contoso_buildsite" displayName="Build Site" parentSchemaName="contoso_permit" parentDisplayName="Permit" solution="Active" />
        <Dependent type="26" schemaName="Active Permits" displayName="Active Permits" parentSchemaName="contoso_permit" parentDisplayName="Permit" id="{7b4b2594-e647-4211-bdb7-2f33d4d24980}" />
      </MissingDependency>
      <MissingDependency>
        <Required type="2" schemaName="contoso_contact" displayName="Contact" parentSchemaName="contoso_permit" parentDisplayName="Permit" solution="Active" />
        <Dependent type="26" schemaName="Active Permits" displayName="Active Permits" parentSchemaName="contoso_permit" parentDisplayName="Permit" id="{7b4b2594-e647-4211-bdb7-2f33d4d24980}" />
      </MissingDependency>
      <MissingDependency>
        <Required type="2" schemaName="contoso_name" displayName="Name" parentSchemaName="contoso_permit" parentDisplayName="Permit" solution="Active" />
        <Dependent type="26" schemaName="Active Permits" displayName="Active Permits" parentSchemaName="contoso_permit" parentDisplayName="Permit" id="{7b4b2594-e647-4211-bdb7-2f33d4d24980}" />
      </MissingDependency>
      <MissingDependency>
        <Required type="2" schemaName="contoso_permitid" displayName="Permit" parentSchemaName="contoso_permit" parentDisplayName="Permit" solution="Active" />
        <Dependent type="26" schemaName="Active Permits" displayName="Active Permits" parentSchemaName="contoso_permit" parentDisplayName="Permit" id="{7b4b2594-e647-4211-bdb7-2f33d4d24980}" />
      </MissingDependency>
      <MissingDependency>
        <Required type="2" schemaName="contoso_permittype" displayName="Permit Type" parentSchemaName="contoso_permit" parentDisplayName="Permit" solution="Active" />
        <Dependent type="26" schemaName="Active Permits" displayName="Active Permits" parentSchemaName="contoso_permit" parentDisplayName="Permit" id="{7b4b2594-e647-4211-bdb7-2f33d4d24980}" />
      </MissingDependency>
      <MissingDependency>
        <Required type="2" schemaName="statecode" displayName="Status" parentSchemaName="contoso_permit" parentDisplayName="Permit" solution="Active" />
        <Dependent type="26" schemaName="Active Permits" displayName="Active Permits" parentSchemaName="contoso_permit" parentDisplayName="Permit" id="{7b4b2594-e647-4211-bdb7-2f33d4d24980}" />
      </MissingDependency>
      <MissingDependency>
        <Required type="2" schemaName="contoso_name" displayName="Name" parentSchemaName="contoso_permittype" parentDisplayName="Permit Type" solution="Active" />
        <Dependent type="26" schemaName="Active Permit Types" displayName="Active Permit Types" parentSchemaName="contoso_permittype" parentDisplayName="Permit Type" id="{9c3ac2e7-f112-4b64-9035-3cc594081e36}" />
      </MissingDependency>
      <MissingDependency>
        <Required type="2" schemaName="contoso_permittypeid" displayName="Permit Type" parentSchemaName="contoso_permittype" parentDisplayName="Permit Type" solution="Active" />
        <Dependent type="26" schemaName="Active Permit Types" displayName="Active Permit Types" parentSchemaName="contoso_permittype" parentDisplayName="Permit Type" id="{9c3ac2e7-f112-4b64-9035-3cc594081e36}" />
      </MissingDependency>
      <MissingDependency>
        <Required type="2" schemaName="contoso_requireinspections" displayName="Require Inspections" parentSchemaName="contoso_permittype" parentDisplayName="Permit Type" solution="Active" />
        <Dependent type="26" schemaName="Active Permit Types" displayName="Active Permit Types" parentSchemaName="contoso_permittype" parentDisplayName="Permit Type" id="{9c3ac2e7-f112-4b64-9035-3cc594081e36}" />
      </MissingDependency>
      <MissingDependency>
        <Required type="2" schemaName="contoso_requiresize" displayName="Require Size" parentSchemaName="contoso_permittype" parentDisplayName="Permit Type" solution="Active" />
        <Dependent type="26" schemaName="Active Permit Types" displayName="Active Permit Types" parentSchemaName="contoso_permittype" parentDisplayName="Permit Type" id="{9c3ac2e7-f112-4b64-9035-3cc594081e36}" />
      </MissingDependency>
      <MissingDependency>
        <Required type="2" schemaName="statecode" displayName="Status" parentSchemaName="contoso_permittype" parentDisplayName="Permit Type" solution="Active" />
        <Dependent type="26" schemaName="Active Permit Types" displayName="Active Permit Types" parentSchemaName="contoso_permittype" parentDisplayName="Permit Type" id="{9c3ac2e7-f112-4b64-9035-3cc594081e36}" />
      </MissingDependency>
    </MissingDependencies>
  </SolutionManifest>
</ImportExportXml>